book_id,title,author,image-url,download-url,rating
0,Introduction to Theory of Computation,Michael Sipser,https://libgen.li/covers/1000/1d9fa59b0e4f522bf232c38e7fea4757.jpg,https://libgen.li/get.php?md5=1d9fa59b0e4f522bf232c38e7fea4757&key=73406RQREVRK8D5P,4.4
1,An Introduction to Formal Language and Automata,Peter Linz,https://libgen.li/editioncovers/138272000/138272227.jpg,https://libgen.li/get.php?md5=4fddf613a3a271749bfb68e98074b1a6&key=C8ULDRIMBRB1T0YI,3.9
2,"Automata, Computability, Complexity - Theory and Applications","Elliotte Koffman, Michael Sedgewick",https://cdn.pdfdrive.to/media/content/thumbnails/e6a0d44b-a41a-4d8f-b5aa-2438cf84ea08.webp,https://libgen.li/get.php?md5=9d3db4715fd4de9412ca9c3f9cb679f0&key=0NOZ1IX51BC1S0V5,3.8
3,"Introduction to Automata Theory, Languages and Computation","John Hopcroft, Jeffrey Ullman, Rajeev Motwani",https://libgen.li/covers/0/7270e9ab5f65291c3369280ec4b6eb3b.jpg,https://libgen.li/get.php?md5=7270e9ab5f65291c3369280ec4b6eb3b&key=0SYNPV7IE7ZA0ZC0,3.7
4,"Theory of Computer Science: Automata, Languages and Computation",KLP Mishra and N. Chandrasekaran,https://libgen.li/covers/2370000/a21c9336e36d9bcdb00b3031501c1f26.jpg,https://libgen.li/get.php?md5=a21c9336e36d9bcdb00b3031501c1f26&key=7NRZS9HKPDFTN0S1,3.4
5,C in a Nutshell,"Peter Prinz, Tony Crawford",https://cdn.zlibrary.to/media/content/thumbnails/e59a117c-3515-495c-95ef-1098b7368c6b.webp,https://libgen.li/get.php?md5=9627c95abd7e3f9f3d16a9253e48da78&key=N5M2XJPL8QNR7KXO,4.6
6,Let Us C,YashwantKanetkar,https://libgen.li/covers/4118000/418ee47257395b664ed4f2b241fb6679.jpg,https://libgen.li/get.php?md5=418ee47257395b664ed4f2b241fb6679&key=7XF7NR56KW6AADTS,4.1
7,Practical C programming,Steve Oualline,https://cdn-2.zlibrary.to/media/content/thumbnails/5871c7c3-1d93-48b1-9ecb-24228c643c21.webp,https://libgen.li/get.php?md5=3117b444e2918886b8ed0cc3cf85f6a8&key=KGFOLAQVF16BHQQY,4
8,The C Programming Language,"Brian W Kernighan, Dennis M Ritcie",https://libgen.li/editioncovers/135955000/135955590.jpg,https://libgen.li/get.php?md5=f8a5292fae4d4a5467a4805d13e8e0a6&key=MXAZ3WRNH0YX1D7A,3.2
9,Programming in ANSI C,E.Balagurusamy,https://cdn.zlibrary.to/media/content/thumbnails/89c25ff6-6876-4c12-a53d-d86a70e2e33e.webp,https://libgen.li/get.php?md5=177eacb192165f90062789304b5da281&key=KFDK46PVQ6XV400L,4.3
10,"Compilers-Principles,Techniques and Tools","Alfred VAho, RaviSethi, Jeffrey DUllman",https://libgen.li/covers/3974000/c377341626e10cb2c5e134e0f887cb38.jpg,https://libgen.li/get.php?md5=c377341626e10cb2c5e134e0f887cb38&key=7S5543A1OYLGJ59A,4.5
11,Crafting a Compiler with C,"Charles N. Fischer, Richard J. leBlanc, Jr",https://libgen.li/editioncovers/136532000/136532052.jpg,https://libgen.li/get.php?md5=818ed381e2c8347ddfa5b0956dde6216&key=BP9TA7PR9MTTL70K,4.01
12,Modern Compiler Implementation in C,Andrew W Apple,https://libgen.li/covers/272000/45cd9648ef88db9e77a77d3f5931e532.jpg,https://libgen.li/get.php?md5=45cd9648ef88db9e77a77d3f5931e532&key=TZAHLOBJFKGEG9UN,4.8
13,Compiler Construction Principles & Practice,Kenneth C Louden,https://libgen.li/editioncovers/137041000/137041260.jpg,https://libgen.li/get.php?md5=a933d330835790e774575668d0914c2b&key=E3HCPL1WGOMULH10,4.1
14,Compiler Design in C,Allen  I. Holub,https://libgen.li/editioncovers/136097000/136097727.jpg,https://libgen.li/get.php?md5=efe396fa10e39d105eb708caea7d661b&key=P6HRL59VAHNITIKJ,4.2
15,Modern Compiler Implementation in Java,Andrew W Apple,https://cdn.pdfdrive.com/assets/thumbs/a18/a18a3c7845b6a72c6c4dd42ddf842d45.jpg,https://libgen.li/get.php?md5=4787f2b85e719ee1d2796bb9ec7affdc&key=MOTYADH8TGFST4PH,3.4
16,Operating System Concepts,"Silberschatz, Abraham & Galvin, Peter Baer & Gagne, Greg",https://libgen.li/fictioncovers/5116000/7116557e1da7e06157473178ceab132a.jpg,https://libgen.li/get.php?md5=7116557e1da7e06157473178ceab132a&key=VVNRIXZKHTK26WH3,4.5
17,Operating systems: internals and design principles Edition: 6,William Stallings,https://libgen.li/editioncovers/136396000/136396932.jpg,https://libgen.li/get.php?md5=c8882928b7a77fe0456090e0abd81b94&key=JPYKMJZK84600OSK,4
18,UNIX Concepts and Applications Edition: 4th Edition,Sumitabha Das,https://libgen.li/editioncovers/138706000/138706257.jpg,https://libgen.li/get.php?md5=96df24a314f3508a661678ced308f201&key=GKCHIIJGC6FJGOWB,4.09
19,Operating Systems: Design and Implementation Edition: 2," Andrew S. Tanenbaum, Albert S. Woodhull",https://libgen.li/editioncovers/135778000/135778093.jpg,https://libgen.li/get.php?md5=fe68fd86c70a0594a4c1dfc3e886aef6&key=EJ5EZULPZVDTZC85,4.31
20,Operating System Concepts Edition: 8th," Abraham Silberschatz, Greg Gagne, Peter B. Galvin",https://libgen.li/editioncovers/136656000/136656717.jpg,https://libgen.li/get.php?md5=e448d6fdaa2f79a88576484db4fc6aa6&key=0YPQLCE0GML0ZQYG,4.4
21,Principles of operating systems ,Naresh Chauhan,https://libgen.li/editioncovers/137282000/137282349.jpg,https://libgen.li/get.php?md5=1e1cf547a1d12db1e9f1f196ad3bed03&key=W6HWS9P1CI4HNA79,4.5
22,Fundamentals of Database Systems ," Ramez Elmasri, Shamkant B. Navathe",https://libgen.li/covers/341000/7521ca88c687426d55868571d1c0d4d9.jpg,https://libgen.li/get.php?md5=7521ca88c687426d55868571d1c0d4d9&key=1AI8YTZPII8LNNWR,4.2
23,Database Concepts,"David M. Kroenke, David Auer",https://libgen.li/covers/1160000/e8f27903a26fa66b79e9085d0ff8f5b1.jpg,https://libgen.li/get.php?md5=e8f27903a26fa66b79e9085d0ff8f5b1&key=OO0WR51HRTFEYL7C,4.7
24,Database Management Systems,Raghu Ramakrishnan and Johannes Gehrke,https://libgen.li/editioncovers/136018000/136018750.jpg,https://libgen.li/get.php?md5=e60b59a176028e4c66e2c42265a06427&key=HZ5QUCOE3Q7UMI92,3.1
25,Database System Concepts,"Abraham Silberschatz, Henry F. Korth, S. Sudarshan",https://libgen.li/covers/608000/e5366285c8d8f931f81cf290a0a8611f.jpg,https://libgen.li/get.php?md5=e5366285c8d8f931f81cf290a0a8611f&key=KV6IUWB064DLG6JR,3.9
26,High-Performance MySQL,"Silvia Botros, Jeremy Tinley",https://libgen.li/covers/3106000/53b51a0319638dc690af236be8d634b8.jpg,https://libgen.li/get.php?md5=53b51a0319638dc690af236be8d634b8&key=7LIIHYEF3VQ32QCL,4.5
27,Seven Databases in Seven Weeks,"Eric Redmond, Jim R. Wilson",https://libgen.li/editioncovers/136632000/136632574.jpg,https://libgen.li/get.php?md5=cbf38937207fba3ac468254be7540df0&key=R2VWH43K3AP2HA7B,4.2
28,The Art of SQL,"Faroult, Stephane,Robson, Peter",https://libgen.li/covers/2862000/4e212348bb110240ed393c38002e92f1.jpg,https://libgen.li/get.php?md5=4e212348bb110240ed393c38002e92f1&key=RKK3COEABT59RF0U,4.7
29,Machine Learning For Dummies,"John Paul Mueller, Luca Massaron",https://libgen.li/editioncovers/137286000/137286665.jpg,https://libgen.li/get.php?md5=3106fc3e11b5babf818f7441430c2776&key=OU91HJT7L3MTHHK4,4.4
30,A Course in Machine Learning,Hal Daumé III,https://libgen.li/covers/5499000/28e46a02b38415a357711da1fdb8e30d.jpg,https://libgen.li/get.php?md5=28e46a02b38415a357711da1fdb8e30d&key=X97IGQYPY98MX47X,3.8
31,Programming Collective Intelligence: Building Smart Web 2.0 Applications,Toby Segaran,https://libgen.li/editioncovers/135836000/135836051.jpg,https://libgen.li/get.php?md5=6acbfe0d859d5dbb692469403584479e&key=AI02TJT3YSH5B9W4,3.9
32,Machine Learning in Action,Peter Harrington,https://libgen.li/editioncovers/136610000/136610875.jpg,https://libgen.li/get.php?md5=a6ec01770c8d19ca3dc815930474400e&key=SOD6NULYT7QT7JGE,4
33,Learning Scikit-Learn: Machine Learning in Python,Raúl Garreta and Guillermo Moncecchi,https://libgen.li/covers/3349000/811b5bae61719b37367cc3cec2f43f4d.jpg,https://libgen.li/get.php?md5=811b5bae61719b37367cc3cec2f43f4d&key=A3NK6B4DX9RRL1J5,4.1
34,Building Machine Learning Systems with Python, WilliRichert and Luis Pedro Coelho ,https://libgen.li/covers/1525000/0c0483eef0698795778a6b28d175a5ae.jpg,https://libgen.li/get.php?md5=0c0483eef0698795778a6b28d175a5ae&key=TPR00YBZLS2RVC5L,4.2
35,Discrete Mathematics and its Applications,Kenneth H. Rosen,https://libgen.li/editioncovers/135787000/135787648.jpg,https://libgen.li/get.php?md5=c8955fa7c45dec0c5c75d002227eb3e7&key=4MTYWW0YZ7TJLFJN,4.7
36, Discrete Mathematical Structures,"Bernard Kolman, Robert C. Busby, Sharon Cutler Ross",https://libgen.li/editioncovers/136173000/136173562.jpg,https://libgen.li/get.php?md5=4657ca63fef2a962a128c0284e4261bc&key=B47B0937KUSWUSI4,4.1
37,Discrete Mathematical Structures: A Succinct Foundation,B. V. Senthil Kumar; Hemen Dutta,https://libgen.li/covers/2534000/7e8b674af5c9f3f26e38f5c3bf09810a.jpg,https://libgen.li/get.php?md5=7e8b674af5c9f3f26e38f5c3bf09810a&key=EV4F01EOP13F8H7G,4.2
38,Discrete and combinatorial mathematics: an introduction,Ralph P. Grimaldi,https://libgen.li/editioncovers/135778000/135778393.jpg,https://libgen.li/get.php?md5=464849a0ca82a1d070ce0bb05bda0478&key=JLLNB6XWZ2UZN1T1,4.1
39,Fundamentals of Abstract Algebra,"D. S. Malik, John M. Mordeson, M. K. Sen",https://libgen.li/covers/1159000/bb2474af8fcc4fdff5f47e2632b8d5d7.jpg,https://libgen.li/get.php?md5=bb2474af8fcc4fdff5f47e2632b8d5d7&key=XPKXCKN2WICHWBYE,4.7
40,Schaum's Outline of Discrete Maths,"Seymor Lipschutz, Marc Lipson",https://libgen.li/editioncovers/135778000/135778401.jpg,https://libgen.li/get.php?md5=64e69ba98271b653112f8426d4ae9768&key=LRUA0MZJ4FKEZS3I,3.1
41,Java 2 The Complete Reference," Patrick Naughton, Herbert Schildt",https://libgen.li/covers/1488000/7d96db4d6a3134d02f46f095fa8ee9be.jpg,https://libgen.li/get.php?md5=7d96db4d6a3134d02f46f095fa8ee9be&key=04AS42Y7Z4F4JLF6,4.4
42,Thinking in Java, Eckel,https://libgen.li/covers/78000/88dfcd75e8387f67a201f93e7f1b7395.jpg,https://libgen.li/get.php?md5=88dfcd75e8387f67a201f93e7f1b7395&key=MFIK57THI56F6AS7,3.4
43,PROGRAMMING WITH JAVA A PRIMER,E. Balaguruswamy,https://libgen.li/covers/1104000/1a9dbdc972c4ca0a621e2576c7d45ba8.jpg,https://libgen.li/get.php?md5=1a9dbdc972c4ca0a621e2576c7d45ba8&key=4M19SOENOVW1GZJL,3.5
44,Programming With Java (Mastering Programming Languages Series),"Edet, Theophilus",https://libgen.li/covers/5468000/ea5e363ef98107cda4a23e47f0e3bc70.jpg,https://libgen.li/get.php?md5=ea5e363ef98107cda4a23e47f0e3bc70&key=806A3EJJR582W86S,3.5
45,Real-time Java programming with Java RTS,"Bruno, Eric J. Bollella, Gregory",https://libgen.li/covers/2863000/3da9eb08bf492117089adf4c187fb2e3.jpg,https://libgen.li/get.php?md5=3da9eb08bf492117089adf4c187fb2e3&key=G3MWEYELXF66BJUE,3
46,Learning Java: An Introduction to Programming with Java,"Thanh, Neos",https://libgen.li/covers/2813000/2913ae29a03a85bc162adbca2ab4e1a0.jpg,https://libgen.li/get.php?md5=2913ae29a03a85bc162adbca2ab4e1a0&key=1QDLYG3QWT8P7ZBC,3.4
47,C++: The Complete Reference,"Schildt, Herbert",https://libgen.li/covers/3360000/8f917b893d4c493bb9f8ce6b436e218d.jpg,https://libgen.li/get.php?md5=8f917b893d4c493bb9f8ce6b436e218d&key=KQ0G2A475RU1JA42,4.3
48,The Ultimate Guide to Master C Programming Fast,"Robert Hoffman, Burne Stroustrup",https://libgen.li/editioncovers/138122000/138122723.jpg,https://libgen.li/get.php?md5=e0269888c34353ba83ea9e5f573ca755&key=88X410B6A2BSUAN7,4
49,Beginning Programming with C++ For Dummies,Stephen R. Davis,https://libgen.li/editioncovers/136120000/136120253.jpg,https://libgen.li/get.php?md5=10241c9538edbe7d37efdbfdf5eee354&key=0FPDVJNJPH2FYA2S,4.3
50,Programming with C and Cpp (C++),Devendra Naga,https://libgen.li/covers/5306000/b71816a88a81ca351e63eae9070d363f.jpg,https://libgen.li/get.php?md5=b71816a88a81ca351e63eae9070d363f&key=HX1W4VROGRG7JDTX,4.25
51,C++ Programming,"Edet, Theophilus",https://libgen.li/covers/5458000/be2fec57c815765845785fb90c14b657.jpg,https://libgen.li/get.php?md5=be2fec57c815765845785fb90c14b657&key=EOK0P17UK2HC08WB,4.4
52, Introduction to Programming In C++ Language,"Khachane, Vishal",https://libgen.li/fictioncovers/4812000/e47514ea79958b2c82dc783fc99bf2f2.jpg,https://libgen.li/get.php?md5=e47514ea79958b2c82dc783fc99bf2f2&key=1Q80BKR9P6MTW5JE,4.2
53,Digital Principles And Applications,Donald P. Leach,https://libgen.li/covers/2215000/3e77e8851954b4c093e51c1a90d6aa53.jpg,https://libgen.li/get.php?md5=3e77e8851954b4c093e51c1a90d6aa53&key=HDGKGGW4GJE4QWPZ,4.4
54,Fundamentals of Logic Design," Charles H. Roth Jr., Larry L Kinney",https://libgen.li/covers/570000/182e6dbafcca26f77e0802b39d986a82.jpg,https://libgen.li/get.php?md5=182e6dbafcca26f77e0802b39d986a82&key=TAY0MGLCR1BSVVNK,4.2
55,Digital Systems: Principles and Applications,"Ronald J. Tocci, Neal S. Widmer",https://libgen.li/covers/653000/5b6b1b0d2e5e261a5372386f247d8eb0.jpg,https://libgen.li/get.php?md5=5b6b1b0d2e5e261a5372386f247d8eb0&key=APRJBZ5M2KMM36BG,4.1
56,Digital design,"Mano, M Morris, Ciletti, Michael D",https://libgen.li/covers/2861000/707d7f51b81042e3089e14b27961dbf7.jpg,https://libgen.li/get.php?md5=707d7f51b81042e3089e14b27961dbf7&key=2PX6WT88G0UFUKHM,4.5
57,Digital Systems Principles and Applications,"Ronald J. Tocci, Neal S. Widmer, Gregory L. Moss",https://libgen.li/covers/3729000/97ad34ce8b34b852f2ab60d92cf9d727.jpg,https://libgen.li/get.php?md5=97ad34ce8b34b852f2ab60d92cf9d727&key=KPG4651SNQ1AH95A,4.4
58,Introduction to Logic Design,Alan B. Marcovitz,https://libgen.li/editioncovers/136531000/136531201.jpg,https://libgen.li/get.php?md5=7ddafd4f7192c11cf8fc538e8b3c7acc&key=JJ64PH7J7J2HSITO,4.3
59,Microprocessors and Interfacing: Programming and Hardware, Douglas V. Hall,https://libgen.li/covers/5690000/27f8057289fca23699d91d40f2b23997.jpg,https://libgen.li/get.php?md5=27f8057289fca23699d91d40f2b23997&key=X1ANJS43BNXC7JX0,4.5
60,"Z-80 Microprocessor: Architecture, Interfacing, Programming and Design",Ramesh Gaonkar,https://libgen.li/covers/1259000/0888677f44a937fd17d15d47e4e5a6f3.jpg,https://libgen.li/get.php?md5=0888677f44a937fd17d15d47e4e5a6f3&key=611HGTE78LD7B434,3.9
61,"Microprocessor Architecture, Programming, and Applications with the 8085",Ramesh S. Gaonkar,https://libgen.li/covers/2296000/297e7d12b2b64441cd929082982020db.jpg,https://libgen.li/get.php?md5=297e7d12b2b64441cd929082982020db&key=7ESDQURUW4PR1ENY,3.8
62,Advanced Microprocessors and Peripherals,A.K. Ray and K.M. Bhurchandi,https://encrypted-tbn0.gstatic.com/images?q=tbn:ANd9GcR2ABEh4KzKVambWb49wW2JaQESFRmI2Fs1xw&s,https://libgen.li/get.php?md5=67c5ac79dc8180a7f0641609d0c7800c&key=14WVO4X0M7O3DA2U,4.2
63,The 8051 Microcontroller and Embedded Systems with Software,"Muhammad Ali Mazidi, Janice Gillispie Mazidi",https://libgen.li/covers/1539000/5c029f4effaa88035f3405dbce4619b8.jpg,https://libgen.li/get.php?md5=5c029f4effaa88035f3405dbce4619b8&key=MOHGOQYTHUIJU1QY,4
64,The Intel Microprocessors,Barry B. Brey,https://libgen.li/covers/1055000/95eff0e41bc82379161df0c63ec6fa9a.jpg,https://libgen.li/get.php?md5=95eff0e41bc82379161df0c63ec6fa9a&key=E8Y2XVM2N5QQH4YL,3.4
65,Data Structures Through C: Learn the fundamentals of Data Structures through C,"Kanetkar, Yashavant",https://libgen.li/covers/4836000/aeb498efdbc2b43eeecd12536514d4d1.jpg,https://libgen.li/get.php?md5=aeb498efdbc2b43eeecd12536514d4d1&key=O7YS8L27VHACQF8F,4.7
66,Data Structures and Program Design in C,Robert L. Kruse; Clovis L. Tondo; Bruce P. Leung,https://libgen.li/covers/3932000/be2a0c919afa806a3f344319890a7e77.jpg,https://libgen.li/get.php?md5=be2a0c919afa806a3f344319890a7e77&key=FYLJ0XWYHM8NWK0D,3.6
67,Data Structures And Program Design In C,"Mark W. Humphries, Michael W. Hawkins, Michelle C. Dy",https://libgen.li/editioncovers/135986000/135986033.jpg,https://libgen.li/get.php?md5=9eece799b9f774428ddb9cfd0e784e5f&key=84M3X2JGFIQA2WOT,3.8
68,Data structures and Program Design in C++,"Robert L.Kruse, Alexander J.Ryba",https://libgen.li/covers/246000/a6127e628d1b8276dafd57ce160bbe57.jpg,https://libgen.li/get.php?md5=a6127e628d1b8276dafd57ce160bbe57&key=BD38Y6TUE1GRM4PN,3.9
69,Mastering Algorithms with C,Kyle Loudon,https://libgen.li/covers/341000/cc1a9c3ae2b5a4fd2380ef896fac70e3.jpg,https://libgen.li/get.php?md5=cc1a9c3ae2b5a4fd2380ef896fac70e3&key=ZR3FJ7XNWT4Y7PVB,4.1
70,Algorithms and data structures: an approach in C,"Bowman, Charles F",https://libgen.li/editioncovers/137370000/137370564.jpg,https://libgen.li/get.php?md5=deb46489f0aff022e1543e67543c2eb5&key=9J0BUO38FGK8N4YV,4.7
71,Fundamentals of Data Structures in C,SARTAJ SAHNI & DINESH MEHTA ELLIS HOROWITZ,https://libgen.li/covers/3641000/64c10dc5d3ca6bed22e96771adff5b6b.jpg,https://libgen.li/get.php?md5=64c10dc5d3ca6bed22e96771adff5b6b&key=1J0EWE5SF5MP83F7,4.5
72,Introduction to algorithms,"Thomas H. Cormen, Charles E. Leiserson, Ronald L.",https://libgen.li/editioncovers/135778000/135778012.jpg,https://libgen.li/get.php?md5=cec6e759c7e2f0d16053b727af8c699c&key=QNDEVZDKHBJ8SQA0,4.8
73,The Art of Computer Programming: Volume 1: Fundamental Algorithms,Donald E Knuth,https://libgen.li/editioncovers/136688000/136688784.jpg,https://libgen.li/get.php?md5=0979d44cf13783936f34ddec1ad8a1af&key=WYUJMA0UDAFX161I,4.2
74,Fundamentals of Computer Algorithms,"Ellis Horowitz, Sartaj Sahni",https://libgen.li/covers/922000/48385431fb8c0af6880423ac3e0a1834.jpg,https://libgen.li/get.php?md5=48385431fb8c0af6880423ac3e0a1834&key=W7TD1M5VCXT72CL7,3.4
75,Introduction to the Design & Analysis of Algorithms,Anany Levitin,https://libgen.li/covers/814000/1b50758f72981894b5057d55a7ebb692.jpg,https://libgen.li/get.php?md5=1b50758f72981894b5057d55a7ebb692&key=3NNNIA1J83TL9HVP,3.2
76,"Graphs, Networks and Algorithms",Dieter Jungnickel,https://libgen.li/covers/227000/c0ce37f9823ccca9529808774ee1a434.jpg,https://libgen.li/get.php?md5=c0ce37f9823ccca9529808774ee1a434&key=BQHWWG1DNXIXY87W,3.3
77,Algorithms Unlocked,"Cormen, Thomas H",https://libgen.li/fictioncovers/4007000/a0c283b92632d561df09337d06b20243.jpg,https://libgen.li/get.php?md5=a0c283b92632d561df09337d06b20243&key=IZUZWKH8QEIR3OVO,3.8
78,Mastering cloud computing: foundations and applications programming,"Rajkumar Buyya, Christian Vecchiola, S. Thamarai Selvi",https://libgen.li/covers/1014000/b4047aed95ba703bc3c6689159ce1010.jpg,https://libgen.li/get.php?md5=b4047aed95ba703bc3c6689159ce1010&key=011OZ1O8EBEFJKSF,4.7
79,Cloud Computing Bible,Barrie Sosinsky,https://libgen.li/covers/731000/22e49f4937ee2680e3115f2c8dd7564c.jpg,https://libgen.li/get.php?md5=22e49f4937ee2680e3115f2c8dd7564c&key=CM6NRXZS039EF7GC,4
80,"Cloud Computing: Concepts, Technology & Architecture",Thomas Erl; Zaigham Mahmood; Ricardo Puttini,https://libgen.li/editioncovers/138154000/138154919.jpg,https://libgen.li/get.php?md5=1a9397c17eb456508f127b45ef9f76a2&key=YRJE44A9RQU1JYB9,4.3
81,"Cloud Native Patterns: Architecture, Design and Culture",Pini Reznik; Michelle Gienow; Jamie Dobson,https://libgen.li/covers/3008000/1ee35c395174fe4b2e8ff9a474ee4568.jpg,https://libgen.li/get.php?md5=1ee35c395174fe4b2e8ff9a474ee4568&key=0VLL2EIX3O8KCJSI,4.7
82,Mastering cloud computing: foundations and applications programming,"Rajkumar Buyya, Christian Vecchiola, S. Thamarai Selvi",https://libgen.li/covers/1014000/b4047aed95ba703bc3c6689159ce1010.jpg,https://libgen.li/get.php?md5=b4047aed95ba703bc3c6689159ce1010&key=0QWZBA295DL6NE9X,4.8
83,Cloud Computing For Dummies,"Judith Hurwitz, Robin Bloor, Marcia Kaufman, Fern Halper",https://libgen.li/covers/256000/72dbfb6e07f04a6b8e6937329e78a10e.jpg,https://libgen.li/get.php?md5=72dbfb6e07f04a6b8e6937329e78a10e&key=RJ94O737GUW3U1OF,4.1
84,Distributed and Cloud Computing: From Parallel Processing to the Internet of Things,"Kai Hwang, Jack Dongarra, Geoffrey C. Fox",https://libgen.li/covers/3837000/22ed1e6c3042b90bd94ac58ebaa84868.jpg,https://libgen.li/get.php?md5=22ed1e6c3042b90bd94ac58ebaa84868&key=YUL96WF79AL6BFI3,4.2
85, Computer Architecture and Parallel Processing,"Kai Hwang, Faye A. Briggs",https://libgen.li/covers/2941000/fd71fa4434b0dbad694381c7db6bce43.jpg,https://libgen.li/get.php?md5=fd71fa4434b0dbad694381c7db6bce43&key=38FHJPOVRA7IALJJ,4.1
86,Computer Organization & Architecture: Themes and Variations,Alan Clements,https://libgen.li/covers/4350000/0b936a2462795e4ce6a82cebe3cb8a2a.jpg,https://libgen.li/get.php?md5=0b936a2462795e4ce6a82cebe3cb8a2a&key=67V4BX33YKB4ST6Z,4.4
87,Computer Organization and Design: The Hardware/Software Interface,"Patterson, David A; Hennessy, John L",https://libgen.li/covers/3532000/f6b8310d911b1ef23f9b85d13d266a67.jpg,https://libgen.li/get.php?md5=f6b8310d911b1ef23f9b85d13d266a67&key=E0RWRRXGIO5C7KO4,3.4
88,Computer organization and embedded systems,"Carl Hamacher, Zvonko Vranesic, Safwat Zaky, Naraig Manjikian",https://libgen.li/covers/769000/bbc56e03c87f1a67e4bbd7b510ff714f.jpg,https://libgen.li/get.php?md5=bbc56e03c87f1a67e4bbd7b510ff714f&key=N3PPYT9MDH2LO8BI,3.5
89,Modern processor design: fundamentals of superscalar processors,"John Paul Shen, Mikko H. Lipasti",https://libgen.li/covers/122000/340b262c390734493544a84e389da39a.jpg,https://libgen.li/get.php?md5=340b262c390734493544a84e389da39a&key=KHFD0ZKDREGVUUTE,3.8
90,The Elements of Computing Systems: Building a Modern Computer from First Principles,"Noam Nisan, Shimon Schocken",https://libgen.li/covers/674000/7ee77fa85c966a8daf6b33a333dda3e5.jpg,https://libgen.li/get.php?md5=7ee77fa85c966a8daf6b33a333dda3e5&key=RESNKSV4YYXX6BRT,3.4
91,Python Programming: A Step by Step Beginners Guide to Coding,"Lane, Evan",https://libgen.li/covers/2867000/61ea806765f191ee0216c0a343599a57.jpg,https://libgen.li/get.php?md5=61ea806765f191ee0216c0a343599a57&key=A4VZTMALHJJU8UC6,3.7
92,Complete Guide For Python Programming: Quick & Easy Guide To Learn Python,"Long, James P.",https://libgen.li/fictioncovers/6144000/0932c9d8adc701d8f8f61c663f13b41d.jpg,https://libgen.li/get.php?md5=0932c9d8adc701d8f8f61c663f13b41d&key=JTYC1887BH0J7PKX,3.5
93,Python Programming For Complete Novices,"Bernard, Scott",https://libgen.li/fictioncovers/6363000/d7e2e4ca7e5be19ca24ad5e9a262faf1.jpg,https://libgen.li/get.php?md5=d7e2e4ca7e5be19ca24ad5e9a262faf1&key=D2NMJ3B0BBVBJDTN,4.2
94,"Python: Python Mastery. ""A Code like a Pro"" Guide for Python Beginners","Bates, Jonathan",https://libgen.li/covers/2186000/a2e7b9bed6056b27c1af2f70ff71ce2f.jpg,https://libgen.li/get.php?md5=a2e7b9bed6056b27c1af2f70ff71ce2f&key=6JJZHSLZFAWB2V5P,4.3
95,Beginning Programming with Python for Dummies,John Paul Mueller,https://libgen.li/covers/2270000/55c3657e9f1670e8251e31c24e0f4334.jpg,https://libgen.li/get.php?md5=55c3657e9f1670e8251e31c24e0f4334&key=V92MEUR5J0VRD23S,4.1
96,Python Basics: A Practical Introduction to Python 3,"David Amos, Dan Bader, Joanna Jablonski, Fletcher Heisler",https://libgen.li/covers/3888000/8df78566ad2c1e4c898fc1bab72442a6.jpg,https://libgen.li/get.php?md5=8df78566ad2c1e4c898fc1bab72442a6&key=XH10IKDD5TM0U34Q,4.1
97,A Textbook of Computer Oriented Numerical Methods and Linear Programming,S. Chand & Company Ltd,https://libgen.li/covers/3307000/fa5fc58ae75d87aeaf5d5cca2ad22920.jpg,https://libgen.li/get.php?md5=fa5fc58ae75d87aeaf5d5cca2ad22920&key=AGKTM4PFL7VSQDJQ,4.2
98,Computer-based numerical & statistical techniques,Manish Goyal,https://libgen.li/editioncovers/135887000/135887770.jpg,https://libgen.li/get.php?md5=fbdeafa31046b54c4127b5634f538781&key=9PHKFEG1Z2130S64,4.3
99,Zero To Mastery In Computer Based Numerical and Statistical Techniques,Rajiv Jain,https://libgen.li/editioncovers/141517000/141517582.jpg,https://libgen.li/get.php?md5=8a11368bd4bac73261e88419bc5ab76a&key=UEQ7H624LRQ1ASDX,4.1
100,A textbook of computer based numerical and statistical techniques,"Jaiswal A.K., Khandelwal A.",https://libgen.li/covers/598000/26c6207897888caffe03a874b26b031e.jpg,https://libgen.li/get.php?md5=26c6207897888caffe03a874b26b031e&key=86ZMQR3IL5FNQX7E,4.7
101,Software Engineering: A Practitioners Approach,Roger S. Pressman,https://libgen.li/covers/844000/3ac99a3c0db2f7c0cafd4cbad328ea7b.jpg,https://libgen.li/get.php?md5=3ac99a3c0db2f7c0cafd4cbad328ea7b&key=EY50Y5X4KIAUDGZ8,4.3
102,Software Engineering (A Lifecycle Approach),"Mohapatra, Pratap K.J.",https://libgen.li/covers/832000/9705fc2d0a713e99d6b5e2413c977138.jpg,https://libgen.li/get.php?md5=9705fc2d0a713e99d6b5e2413c977138&key=TWBJYI4KHJ20K8RW,4.1
103,An Integrated Approach to Software Engineering,Pankaj Jalote,https://libgen.li/editioncovers/135833000/135833767.jpg,https://libgen.li/get.php?md5=c6c7930fa3722d5309163f5f18efbe56&key=JHT2TQOU421A9NZN,4.2
104,Fundamentals of Software Engineering,"Farhad Arbab, Marjan Sirjani",https://libgen.li/covers/272000/08e6ce6fb3b829e0f5415a0b61b75c50.jpg,https://libgen.li/get.php?md5=08e6ce6fb3b829e0f5415a0b61b75c50&key=WV5XOUGMF399XOP1,3.4
105,Fundamentals of software engineering,RAJIB MALL,https://libgen.li/covers/2328000/79fa26fcc31eeb88c657df98f89bf60a.jpg,https://libgen.li/get.php?md5=79fa26fcc31eeb88c657df98f89bf60a&key=BQB0W6UTQ9BNWA8T,3.3
106,Software engineering: theory and practice,"Shari Lawrence Pfleeger, Joanne M. Atlee",https://libgen.li/editioncovers/136500000/136500264.jpg,https://libgen.li/get.php?md5=02884fedb5429ac7c1abeedea066fe47&key=JTNEC0KCJ128R66O,3.9
107,Full-stack web development with Vue.js and Node,Aneeta Sharma,https://libgen.li/covers/2267000/a71857bd0310909e8e36eda92ab3e186.jpg,https://libgen.li/get.php?md5=a71857bd0310909e8e36eda92ab3e186&key=ZZ18PMTYDG4AMAH6,4.4
108,The Web Technologies,Don Gosselin,https://libgen.li/covers/765000/ab300ca82dcbe7c3074b17137f54a3b2.jpg,https://libgen.li/get.php?md5=ab300ca82dcbe7c3074b17137f54a3b2&key=2YUIZ5FYZQM1IZQ4,4
109,Internet and World Wide Web How to Program,"Paul Deitel, Deitel Harvey, Abbey Deitel",https://libgen.li/covers/2863000/1e8cd1df6b746d14c1a60671dd979cee.jpg,https://libgen.li/get.php?md5=1e8cd1df6b746d14c1a60671dd979cee&key=O6E6HZ7PXVYV1V6Y,3.1
110,Flask Web Development: Developing Web Applications with Python,Miguel Grinberg,https://libgen.li/covers/3937000/941537047e205222e0fa0994acd52561.jpg,https://libgen.li/get.php?md5=941537047e205222e0fa0994acd52561&key=H7YLRQ55MNI26ZGL,3.3
111,Fast & Easy Web Development,Julie C. Meloni,https://libgen.li/covers/391000/4a3d8b74c9aa4dde5052621e47e2bc81.jpg,https://libgen.li/get.php?md5=4a3d8b74c9aa4dde5052621e47e2bc81&key=26ZERVTU5BBH5LS1,3.8
112,Principles of Web Design,Joel Sklar,https://libgen.li/covers/1372000/009fee4ef416a943c09c09eda87522e5.jpg,https://libgen.li/get.php?md5=009fee4ef416a943c09c09eda87522e5&key=W2RH9P5NKZX7B00A,4.5
113,Advanced Engineering Mathematics,Erwin Kreyszig,https://libgen.li/covers/5766000/e683d259056caf0f589524a16dc81d91.jpg,https://libgen.li/get.php?md5=e683d259056caf0f589524a16dc81d91&key=KJD2TG751EYVLV84,3.4
114,Higher Engineering Mathematics,B.S. Grewal,https://libgen.li/covers/2716000/8ba850e707ba92252dfe9ed82ff948c3.jpg,https://libgen.li/get.php?md5=8ba850e707ba92252dfe9ed82ff948c3&key=PJ7B9HYZLQFKS1ZQ,3.5
115,Engineering Mathematics,K.A. Stroud,https://libgen.li/covers/4209000/10467fa4d96e5f480cdd8fb03959d606.jpg,https://libgen.li/get.php?md5=10467fa4d96e5f480cdd8fb03959d606&key=Q3WA64PQ9C27ZJSK,3.1
116,Introduction to Linear Algebra,Serge Lange,https://libgen.li/editioncovers/136751000/136751636.jpg,https://libgen.li/get.php?md5=306989506d262e73b8770c798bd190d6&key=NSIFQPOITISJN9ZP,3.4
117,Schaum's Outline of Advanced Mathematics for Engineers and Scientists,Murray R. Spiegel,https://libgen.li/covers/3866000/3a5a39188fc7233fea8985dd76f15fe2.jpg,https://libgen.li/get.php?md5=3a5a39188fc7233fea8985dd76f15fe2&key=JXKXQ2KBOTEQQ2P3,3.5
118,Partial Differential Equations for Scientists and Engineers,Stanley J. Farlow,https://libgen.li/editioncovers/136528000/136528997.jpg,https://libgen.li/get.php?md5=74c5f9a0384371ab46a1def8f73ec978&key=5N14UPYYFJHETEDJ,4.6
119,Formal languages and their relation to automata,"Hopcroft J.E., Ullman J.D.",https://libgen.li/covers/320000/f3caa04b27858c6058d6758f4faa24a5.jpg,https://libgen.li/get.php?md5=f3caa04b27858c6058d6758f4faa24a5&key=2WBA723RD1LKUOM0,4.1
120,C for Dummies,Dan Gookin,https://libgen.li/editioncovers/3471000/3471711.jpg,https://libgen.li/get.php?md5=374bf1097133aa8ade1920c7320bc9ec&key=Q4QDCNWHTPNIYXLC,3.4
121,Harry Potter and the Sorcerer's Stone," J K Rowling, Joanne Kathleen",https://libgen.li/fictionruscovers/229000/9792d136f5a621ae917ecbe7ec588993.jpg,https://libgen.li/get.php?md5=9792d136f5a621ae917ecbe7ec588993&key=TY2GH98YPOKBRLT0,4.2
122,Harry Potter & the Chamber of Secrets,J K Rowling,https://libgen.li/fictioncovers/5939000/47371bbbb9ece871b54e745157d2ba1c.jpg,https://libgen.li/get.php?md5=47371bbbb9ece871b54e745157d2ba1c&key=NG3Y0KR4CBMEQHPS,4.3
123,Harry Potter & the Prisoner of Azkaban,J K Rowling,https://libgen.li/fictioncovers/5939000/0b365158610a7a2f376728af52ddfcfa.jpg,https://libgen.li/get.php?md5=0b365158610a7a2f376728af52ddfcfa&key=WKFH7JQ9MYMTCTHJ,4.1
124,Harry Potter and the Goblet of Fire,J K Rowling,https://libgen.li/fictioncovers/6100000/08fc25ad42c8b7d408bd74bba74d118e.jpg,https://libgen.li/get.php?md5=08fc25ad42c8b7d408bd74bba74d118e&key=FEH8SIE082WS4YSZ,3.8
125,Harry Potter & the Order of the Phoenix,J K Rowling,https://libgen.li/fictioncovers/5939000/d5eeec6d51743f56fd0f8df202ec91e4.jpg,https://libgen.li/get.php?md5=d5eeec6d51743f56fd0f8df202ec91e4&key=DMMJUG93BJSWPYOO,3.5
126,Harry Potter & the Half-Blood Prince,J K Rowling,https://libgen.li/fictioncovers/5939000/5d8aaf21862ae3f251cd4116bd53c700.jpg,https://libgen.li/get.php?md5=5d8aaf21862ae3f251cd4116bd53c700&key=HPZZY4USTHT0SLUE,3.9
127,The Fellowship of the Ring,Nicholas Sparks,https://libgen.li/fictioncovers/5724000/5c221a95c429ed2052efd808208b489a.jpg,https://libgen.li/get.php?md5=5c221a95c429ed2052efd808208b489a&key=S0QAS5HGXJ1Q0L0P,4.2
128,"The Lord of the Rings: The Fellowship of the Ring, The Two Towers, The Return of the King","Tolkien, J. R. R.",https://libgen.li/fictioncovers/6934000/8d66f86e349f5de1e033ac8712edca3d.jpg,https://libgen.li/get.php?md5=8d66f86e349f5de1e033ac8712edca3d&key=P7L5MC3NB5J8NPMZ,4.2
129,The Return of the King,"Tolkein, J.R.R.",https://libgen.li/fictioncovers/4322000/e166d1cc7bcfc82f3315d692a6f76743.jpg,https://libgen.li/get.php?md5=e166d1cc7bcfc82f3315d692a6f76743&key=OSZDPUA2HYB73T0I,4.5
130,The Hobbit,"Tolkien, J. R. R.",https://libgen.li/covers/4417000/4d13858e4d31594c1fb7014a2f2277d1.jpg,https://libgen.li/get.php?md5=4d13858e4d31594c1fb7014a2f2277d1&key=7Y9OBSG5JTTA4N28,4.1
131,The Silmarillion,"Tolkien, John R R",https://libgen.li/fictioncovers/3836000/0d672742156d2a2a7e7c9b2ab3599919.jpg,https://libgen.li/get.php?md5=0d672742156d2a2a7e7c9b2ab3599919&key=W7YYND6H7YGFUMTI,4.4
132,The Fall of Gondolin,"Tolkien, J.R.R",https://libgen.li/fictioncovers/2057000/9434b774bc0cf4a10ba3a90d719eb0dc.jpg,https://libgen.li/get.php?md5=9434b774bc0cf4a10ba3a90d719eb0dc&key=JHHR7DNLCBSAIHQF,4.1
133,Prelude to Foundation,Isaac Asimov,https://libgen.li/fictioncovers/2209000/23c59f8611a965e9d839fa9845f80479.jpg,https://libgen.li/get.php?md5=23c59f8611a965e9d839fa9845f80479&key=DGI8OG2TRI35EPVU,3.4
134,Forward the Foundation,Isaac Asimov,https://libgen.li/fictioncovers/2586000/a363c6391189fdb525c1a61e67d2dc23.jpg,https://libgen.li/get.php?md5=a363c6391189fdb525c1a61e67d2dc23&key=31LLYXSZKIXQB6B3,3.7
135,Foundation & Empire,Isaac Asimov,https://libgen.li/fictioncovers/5688000/c2e0ede5bed5d182d64e0e7ed20dd832.jpg,https://libgen.li/get.php?md5=c2e0ede5bed5d182d64e0e7ed20dd832&key=YLXFOW7J4OM1TYGB,3.9
136,Foundation and Earth,Isaac Asimov,https://libgen.li/fictioncovers/1940000/e017e6d8910fcd7f5acb4be1edbae2c8.jpg,https://libgen.li/get.php?md5=e017e6d8910fcd7f5acb4be1edbae2c8&key=KDILY89501UKG4IZ,4.1
137,Foundation's Edge,Isaac Asimov,https://libgen.li/fictioncovers/1940000/71b3949d0e3ebaddd5cdbdda7edc2d89.jpg,https://libgen.li/get.php?md5=71b3949d0e3ebaddd5cdbdda7edc2d89&key=OILY7DKNHQTM7Y2A,4.2
138,Caves of Steel,Isaac Asimov,https://libgen.li/covers/6117000/11e4dbb395b3dfe50af6a199375705c1.jpg,https://libgen.li/get.php?md5=11e4dbb395b3dfe50af6a199375705c1&key=HF7PBIK7B3XE3ALD,4.2
139,A Study in Scarlet,Sir Arthur Conan Doyle,https://libgen.li/fictionruscovers/148000/3f3ac5481f49c0ae9a081443173d31b8.jpg,https://libgen.li/get.php?md5=3f3ac5481f49c0ae9a081443173d31b8&key=564RKZ1HJ9QH6HIU,3.7
140,The Sign of the Four,Sir Arthur Conan Doyle,https://libgen.li/fictioncovers/7124000/dfbaee6c7009fd9c57f8069020217390.jpg,https://libgen.li/get.php?md5=dfbaee6c7009fd9c57f8069020217390&key=XDDTVKPTNE45IO2K,3.5
141,The Hound of the Baskervilles,Sir Arthur Conan Doyle,https://libgen.li/fictioncovers/442000/6d7a856d26e2bb99eb8c557f7154f199.jpg,https://libgen.li/get.php?md5=6d7a856d26e2bb99eb8c557f7154f199&key=SLFSJZCW18OJQTWS,4
142,The Valley of Fear,Sir Arthur Conan Doyle,https://libgen.li/comicscovers/1164000/6b171c27f30ab9f21490ff2a57e976c5.jpg,https://libgen.li/get.php?md5=6b171c27f30ab9f21490ff2a57e976c5&key=4QOZ260RC6S8ENR2,4.6
143,The Adventures of Sherlock Holmes,Sir Arthur Conan Doyle,https://libgen.li/comicscovers/1028000/c9a8056b05a16f8333c4954105251f75.jpg,https://libgen.li/get.php?md5=c9a8056b05a16f8333c4954105251f75&key=JLSID0DKXTVKEUHB,4.2
144,The Memoirs of Sherlock Holmes,Sir Arthur Conan Doyle,https://libgen.li/fictioncovers/1895000/7186c0e84968e9f77cef89a8570af97d.jpg,https://libgen.li/get.php?md5=7186c0e84968e9f77cef89a8570af97d&key=IJPYIM1XRB4L2OKC,4.3
145,Leviathan Wakes,James S.A. Corey,https://libgen.li/fictioncovers/3474000/8340db53d6547680d3c4adc6f4f7f783.jpg,https://libgen.li/get.php?md5=8340db53d6547680d3c4adc6f4f7f783&key=YNUAFB0JHHFTGW82,4.8
146,Caliban’s War,James S.A. Corey,https://libgen.li/fictioncovers/3474000/12aa0c0c02614d4ec33d515f887919ee.jpg,https://libgen.li/get.php?md5=12aa0c0c02614d4ec33d515f887919ee&key=5I1HT3NRZIRLLMF0,3.3
147,Abaddon’s Gate,James S.A. Corey,https://libgen.li/fictioncovers/3474000/b6075e0c1becf6f4028bfbfc0471a487.jpg,https://libgen.li/get.php?md5=b6075e0c1becf6f4028bfbfc0471a487&key=JZJPSXZREX6KNVAQ,3.6
148,Cibola Burn,James S.A. Corey,https://libgen.li/fictioncovers/3476000/2e72278cf28a37a749e781f8739337f2.jpg,https://libgen.li/get.php?md5=2e72278cf28a37a749e781f8739337f2&key=XDNCUM3860U8RA1L,3.7
149,Nemesis Games,James S.A. Corey,https://libgen.li/magzcovers/531000/52f9679521f87c90590c32a71ae6b6f9.jpg,https://libgen.li/get.php?md5=52f9679521f87c90590c32a71ae6b6f9&key=CF37LPZTB7U85GDG,3.8
150,Babylon’s Ashes,James S.A. Corey,https://libgen.li/editioncovers/5344000/5344622.jpg,https://libgen.li/get.php?md5=4431b035188f0b0d186b46da1078f9ad&key=AC2SHTU1VAMLVIN5,3.7
151,Concepts of modern physics,Arthur Beiser,https://libgen.li/covers/5306000/4cd5e7b7af49191817760fbd21cc07ca.jpg,https://libgen.li/get.php?md5=4cd5e7b7af49191817760fbd21cc07ca&key=IKHS7360L7JRRITU,3.4
152,"Conductors, Semiconductors, Superconductors: An Introduction to Solid State Physics",Rudolf P. Huebener,https://libgen.li/covers/1292000/1232250c514c6f5f6c16987e983d9866.jpg,https://libgen.li/get.php?md5=1232250c514c6f5f6c16987e983d9866&key=PWY2HNSYR8QIGO2D,3.9
153,Quantum Mechanics: Theory and Applications,"Ajoy Ghatak, S. Lokanathan",https://libgen.li/editioncovers/136727000/136727130.jpg,https://libgen.li/get.php?md5=f2aa2506113d643292fb7a5301734601&key=OJBVO14JPN3KYPXW,3.8
154,Physics : for scientists and engineers with modern physics," Stephen Gasiorowicz, Stephen T Thornton",https://libgen.li/covers/908000/706b9408ea84f36e0d328076d1a021e4.jpg,https://libgen.li/get.php?md5=706b9408ea84f36e0d328076d1a021e4&key=FZN7H8UTLBKOI2E7,3.3
155,Plasma Physics and Fusion Energy,Jeffrey P. Freidberg,https://libgen.li/covers/15000/ec19aec48e188cdc21efbd973424544c.jpg,https://libgen.li/get.php?md5=ec19aec48e188cdc21efbd973424544c&key=RXKB66OS9L9D9I9H,4.2
156,The Feynman Lectures on Physics,"Richard P. Feynman, Robert B. Leighton, Matthew Sands",https://libgen.li/editioncovers/136835000/136835052.jpg,https://libgen.li/get.php?md5=31221aa9b81cb2193bb2dbb2631b6e26&key=EFNYI3G92VBJ6W3N,4.1
157,Advanced PHP for Web Professionals,Christopher Cosentino,https://libgen.li/editioncovers/136566000/136566714.jpg,https://libgen.li/get.php?md5=7d95eddab7866b923ee88c4b38386f67&key=J1ZVJMDC79LQDXX5,4.2
